Timestamp,What is your age?,What is your highest level of education?,"What is your job? (Say ""N/A"" if not applicable, and ""Student"" if you're a student)","How familiar are you with visual art? (Paintings, digital, sketches, etc.)","Please describe your experience with art in a sentence, including mediums if you are an artist. If you have no familiarity with art, say ""None.""",How familiar are you with artificial intelligence (AI)?,What's your opinion on AI-generated art?,Which image did you like more?,Which image do you think is AI generated?,Which image did you like more?,Which image do you think is AI generated?,Which image did you like more?,Which image do you think is AI generated?,Which image did you like more?,Which image do you think is AI generated?,Which image did you like more?,Which image do you think is AI generated?,Which image did you like more?,Which image do you think is AI generated?,Which image did you like more?,Which image do you think is AI generated?,Which image did you like more?,Which image do you think is AI generated?,Which image did you like more?,Which image do you think is AI generated?,Which image did you like more?,Which image do you think is AI generated?
12/3/2023 23:18:38,18,Some College,Student,2,None ,3,Neutral Opinion/Don't Care,Image 1,Image 1,Image 1,Image 1,Image 2,Image 2,Image 1,Image 1,Image 1,Image 2,Image 1,Image 2,Image 1,Image 2,Image 1,Image 1,Image 1,Image 1,Image 1,Image 2
12/3/2023 23:19:58,18,Some College,Student,5,Art classes in high school ,5,Neutral Opinion/Don't Care,Image 2,Image 1,Image 1,Image 2,Image 1,Image 2,Image 2,Image 1,Image 1,Image 2,Image 1,Image 2,Image 1,Image 1,Image 1,Image 2,Image 1,Image 2,Image 1,Image 1
12/3/2023 23:20:18,20,Some College,Student,3,None,4,Negative Opinion,Image 2,Image 1,Image 2,Image 1,Image 1,Image 2,Image 2,Image 1,Image 1,Image 2,Image 1,Image 2,Image 1,Image 2,Image 1,Image 1,Image 1,Image 1,Image 2,Image 1
12/3/2023 23:21:24,19,Associates or Vocational Degree,Student,3,Have taken a few art classes in community college,4,Positive Opinion,Image 2,Image 1,Image 2,Image 1,Image 2,Image 2,Image 2,Image 1,Image 2,Image 2,Image 2,Image 2,Image 1,Image 2,Image 1,Image 1,Image 1,Image 2,Image 1,Image 2
12/3/2023 23:22:17,19,High School or Equivalent,student,4,i like drawing and painting,4,Neutral Opinion/Don't Care,Image 2,Image 1,Image 2,Image 1,Image 1,Image 2,Image 2,Image 1,Image 2,Image 2,Image 2,Image 1,Image 2,Image 1,Image 1,Image 2,Image 1,Image 1,Image 1,Image 1
12/3/2023 23:22:26,19,Some College,Student ,2,I like to look at it ,3,Neutral Opinion/Don't Care,Image 2,Image 1,Image 1,Image 1,Image 1,Image 2,Image 2,Image 1,Image 1,Image 2,Image 2,Image 2,Image 1,Image 2,Image 1,Image 2,Image 2,Image 2,Image 2,Image 1
12/3/2023 23:22:45,18,Some College,Student,1,None ,3,Neutral Opinion/Don't Care,Image 2,Image 1,Image 2,Image 1,Image 2,Image 2,Image 2,Image 1,Image 1,Image 2,Image 1,Image 2,Image 1,Image 2,Image 1,Image 2,Image 2,Image 1,Image 2,Image 1
12/3/2023 23:23:54,21,Some College,Student,3,Art class and making memes,5,Positive Opinion,Image 2,Image 1,Image 2,Image 2,Image 1,Image 2,Image 2,Image 1,Image 1,Image 2,Image 2,Image 1,Image 1,Image 1,Image 1,Image 2,Image 2,Image 1,Image 1,Image 1
12/3/2023 23:24:08,19,Some College,Student,5,I am both a digital and a physical artist ,3,Negative Opinion,Image 1,Image 1,Image 2,Image 1,Image 1,Image 2,Image 1,Image 2,Image 2,Image 2,Image 1,Image 2,Image 1,Image 2,Image 1,Image 1,Image 1,Image 1,Image 2,Image 1
12/3/2023 23:24:19,18,Some College,Student,4,"I participate in art for fun, using mediums of Acrylics, Pottery, Pen, Watercolor",3,Positive Opinion,Image 1,Image 1,Image 2,Image 1,Image 1,Image 2,Image 2,Image 1,Image 1,Image 2,Image 2,Image 1,Image 2,Image 2,Image 1,Image 2,Image 1,Image 1,Image 1,Image 2
12/3/2023 23:25:10,21,Associates or Vocational Degree,Student ,3,"Some art experience, acrylic paints, sketching ",4,Neutral Opinion/Don't Care,Image 2,Image 1,Image 2,Image 1,Image 1,Image 2,Image 2,Image 1,Image 2,Image 1,Image 2,Image 2,Image 1,Image 1,Image 1,Image 2,Image 1,Image 1,Image 1,Image 2
12/3/2023 23:25:25,18,Some College,Student,3,Na,4,Neutral Opinion/Don't Care,Image 1,Image 1,Image 1,Image 2,Image 1,Image 2,Image 1,Image 1,Image 1,Image 2,Image 2,Image 1,Image 2,Image 1,Image 1,Image 2,Image 1,Image 1,Image 1,Image 1
12/3/2023 23:25:27,20,Some College,Student,1,None,2,Negative Opinion,Image 2,Image 1,Image 1,Image 1,Image 1,Image 1,Image 1,Image 1,Image 1,Image 2,Image 1,Image 1,Image 1,Image 2,Image 2,Image 1,Image 2,Image 1,Image 2,Image 1
12/3/2023 23:25:45,19,High School or Equivalent,Student and sales associate ,1,Took art fundamentals in high school ,2,Neutral Opinion/Don't Care,Image 1,Image 1,Image 1,Image 1,Image 1,Image 2,Image 1,Image 1,Image 2,Image 2,Image 2,Image 1,Image 2,Image 2,Image 1,Image 2,Image 1,Image 1,Image 1,Image 1
12/3/2023 23:25:51,18,Some College,Graphics Student worker and Student,5,"I have an Art minor, and Iâ€™m very interested in making it and looking at it.",3,Negative Opinion,Image 2,Image 1,Image 2,Image 1,Image 1,Image 2,Image 2,Image 1,Image 1,Image 2,Image 2,Image 1,Image 1,Image 2,Image 1,Image 2,Image 2,Image 1,Image 1,Image 1
12/3/2023 23:26:17,21,Some College,Student,2, ,3,Neutral Opinion/Don't Care,Image 1,Image 2,Image 1,Image 1,Image 1,Image 1,Image 1,Image 1,Image 1,Image 2,Image 2,Image 1,Image 2,Image 1,Image 2,Image 1,Image 1,Image 1,Image 2,Image 1
12/3/2023 23:26:21,20,Some College,student,4,Iâ€™m a hobbyist watercolor and digital artist that also experiments in any other medium put in front of me. ,3,Negative Opinion,Image 2,Image 1,Image 2,Image 2,Image 1,Image 2,Image 2,Image 1,Image 1,Image 2,Image 1,Image 2,Image 1,Image 1,Image 1,Image 2,Image 1,Image 1,Image 1,Image 2
12/3/2023 23:26:48,19,Some College,Student,2,Required art classes in high school,2,Neutral Opinion/Don't Care,Image 1,Image 1,Image 2,Image 1,Image 2,Image 1,Image 1,Image 1,Image 2,Image 2,Image 2,Image 2,Image 1,Image 2,Image 1,Image 1,Image 2,Image 1,Image 1,Image 2
12/3/2023 23:26:57,19,Some College,student,2,taken elementary art classes,3,Negative Opinion,Image 2,Image 1,Image 2,Image 1,Image 1,Image 2,Image 1,Image 1,Image 2,Image 2,Image 2,Image 1,Image 1,Image 2,Image 1,Image 2,Image 1,Image 1,Image 1,Image 1
12/3/2023 23:28:21,18,High School or Equivalent,"Student, coach, landscaper",4,I go to art museaums fairly often and i have gained a fair amount of experience from my father who has an MFA in photography. I am more of an musician though.,2,Neutral Opinion/Don't Care,Image 2,Image 1,Image 2,Image 1,Image 1,Image 2,Image 2,Image 1,Image 2,Image 1,Image 2,Image 1,Image 2,Image 2,Image 2,Image 2,Image 2,Image 1,Image 1,Image 2
12/3/2023 23:28:30,21,Some College,Student,4,Occasionally paint with acrylic on canvas,4,Neutral Opinion/Don't Care,Image 1,Image 1,Image 2,Image 1,Image 1,Image 2,Image 1,Image 1,Image 2,Image 2,Image 2,Image 1,Image 2,Image 2,Image 1,Image 1,Image 1,Image 1,Image 1,Image 2
12/3/2023 23:28:39,18,Some College,Student,2,I dabble in doodling from time to time,4,Neutral Opinion/Don't Care,Image 2,Image 1,Image 1,Image 1,Image 2,Image 2,Image 2,Image 1,Image 1,Image 2,Image 2,Image 1,Image 1,Image 2,Image 2,Image 1,Image 2,Image 1,Image 2,Image 1
12/3/2023 23:28:40,19,Some College,Student,3,"I like looking at it, especially online, but not making it",4,Neutral Opinion/Don't Care,Image 1,Image 1,Image 1,Image 2,Image 1,Image 2,Image 1,Image 1,Image 1,Image 2,Image 1,Image 2,Image 1,Image 2,Image 1,Image 1,Image 2,Image 1,Image 2,Image 1
12/3/2023 23:28:59,18,Some College,Student,2,"I took an art class in high school, in which we used paints, paper, clay, and watercolor.",2,Negative Opinion,Image 1,Image 1,Image 1,Image 2,Image 1,Image 2,Image 2,Image 1,Image 1,Image 2,Image 2,Image 2,Image 1,Image 2,Image 2,Image 1,Image 1,Image 1,Image 1,Image 1
12/3/2023 23:29:02,18,Some College,Canes employee,5,"i do digital art, painting, charcoal, graphite, and marker art, and ive been drawing for 15 years",3,Negative Opinion,Image 2,Image 1,Image 2,Image 1,Image 2,Image 1,Image 2,Image 1,Image 1,Image 2,Image 2,Image 1,Image 2,Image 2,Image 1,Image 2,Image 2,Image 1,Image 2,Image 1
12/3/2023 23:31:04,20,Some College,Student,2,None,4,Negative Opinion,Image 1,Image 2,Image 2,Image 2,Image 1,Image 2,Image 2,Image 1,Image 1,Image 2,Image 1,Image 1,Image 1,Image 2,Image 2,Image 2,Image 1,Image 1,Image 1,Image 1
12/3/2023 23:31:21,19,Some College,student ,3,Iâ€™ve painted mostly with acrylics and watercolors ,4,Negative Opinion,Image 1,Image 1,Image 1,Image 2,Image 1,Image 2,Image 2,Image 1,Image 1,Image 2,Image 1,Image 2,Image 1,Image 2,Image 1,Image 2,Image 1,Image 1,Image 1,Image 1
12/3/2023 23:31:23,19,High School or Equivalent,Student ,2,I am very bad at it but I understand the hostory,4,Negative Opinion,Image 2,Image 1,Image 1,Image 1,Image 1,Image 2,Image 2,Image 1,Image 1,Image 1,Image 2,Image 1,Image 2,Image 2,Image 1,Image 2,Image 1,Image 1,Image 2,Image 1
12/3/2023 23:31:32,19,Some College,Loss Prevention,3,"Used to draw as a young teen, made it as far as buying a drawing tablet for my laptop.",4,Neutral Opinion/Don't Care,Image 2,Image 2,Image 2,Image 1,Image 1,Image 2,Image 1,Image 2,Image 1,Image 2,Image 1,Image 2,Image 1,Image 2,Image 1,Image 2,Image 2,Image 1,Image 2,Image 1
12/3/2023 23:31:32,19,High School or Equivalent,Student ,5,Graphic design major,3,Negative Opinion,Image 2,Image 1,Image 2,Image 1,Image 1,Image 2,Image 1,Image 2,Image 1,Image 2,Image 2,Image 1,Image 1,Image 2,Image 1,Image 2,Image 2,Image 1,Image 1,Image 1
12/3/2023 23:32:49,19,Some College,Student,1,None,4,Neutral Opinion/Don't Care,Image 1,Image 1,Image 1,Image 2,Image 1,Image 2,Image 1,Image 1,Image 1,Image 1,Image 2,Image 1,Image 1,Image 2,Image 1,Image 2,Image 1,Image 1,Image 2,Image 1
12/3/2023 23:33:10,18,Some College,Customer Service Associate ,4,I used to be very big into painting and drawing with colored pencils and digital art,2,Negative Opinion,Image 1,Image 1,Image 1,Image 1,Image 1,Image 2,Image 1,Image 1,Image 1,Image 2,Image 1,Image 2,Image 1,Image 2,Image 2,Image 2,Image 2,Image 1,Image 2,Image 1
12/3/2023 23:33:28,19,Some College,Student ,2,High school art class is the most Iâ€™ve done. ,4,Neutral Opinion/Don't Care,Image 1,Image 1,Image 2,Image 1,Image 1,Image 2,Image 1,Image 1,Image 1,Image 2,Image 2,Image 1,Image 1,Image 2,Image 1,Image 1,Image 1,Image 1,Image 1,Image 2
12/3/2023 23:34:09,20,Bachelor's Degree,Student,3,Liked to draw as a hobby,4,Positive Opinion,Image 2,Image 1,Image 2,Image 2,Image 2,Image 2,Image 2,Image 1,Image 2,Image 2,Image 1,Image 1,Image 2,Image 1,Image 1,Image 2,Image 1,Image 1,Image 1,Image 1
12/3/2023 23:34:31,18,Some College,Student,4,Ive dabbled in about everything ,1,Neutral Opinion/Don't Care,Image 2,Image 1,Image 1,Image 1,Image 1,Image 2,Image 2,Image 1,Image 2,Image 2,Image 2,Image 1,Image 1,Image 2,Image 1,Image 2,Image 1,Image 1,Image 2,Image 1
12/3/2023 23:34:45,19,Some College,Student,3,"Art classes, drawing, painting",2,Neutral Opinion/Don't Care,Image 1,Image 1,Image 1,Image 1,Image 1,Image 2,Image 1,Image 1,Image 1,Image 2,Image 2,Image 1,Image 1,Image 2,Image 1,Image 2,Image 2,Image 1,Image 2,Image 1
12/3/2023 23:36:01,22,Some College,Student,1,None,4,Positive Opinion,Image 1,Image 1,Image 1,Image 1,Image 2,Image 2,Image 2,Image 1,Image 1,Image 2,Image 2,Image 1,Image 1,Image 2,Image 1,Image 2,Image 1,Image 1,Image 1,Image 2
12/3/2023 23:36:20,19,Some College,Student,3,I took art classes in high school,3,Neutral Opinion/Don't Care,Image 2,Image 1,Image 1,Image 1,Image 1,Image 2,Image 1,Image 1,Image 2,Image 2,Image 2,Image 2,Image 2,Image 2,Image 1,Image 2,Image 1,Image 1,Image 1,Image 2
12/3/2023 23:37:06,20,Some College,Student,3,"I have looked at art, do minimal drawing, and have made AI art.",5,Neutral Opinion/Don't Care,Image 1,Image 1,Image 2,Image 1,Image 1,Image 2,Image 2,Image 1,Image 1,Image 2,Image 1,Image 1,Image 1,Image 2,Image 2,Image 2,Image 2,Image 1,Image 2,Image 1
12/3/2023 23:37:15,18,Some College,Student ,3,Not much familiarity ,2,Neutral Opinion/Don't Care,Image 2,Image 2,Image 2,Image 1,Image 2,Image 2,Image 2,Image 1,Image 2,Image 2,Image 2,Image 1,Image 2,Image 1,Image 1,Image 1,Image 2,Image 1,Image 1,Image 2
12/3/2023 23:37:39,21,Some College,Student,3,"I enjoy sketching and photography, but just for fun",4,Neutral Opinion/Don't Care,Image 1,Image 2,Image 1,Image 1,Image 1,Image 2,Image 1,Image 2,Image 1,Image 2,Image 1,Image 2,Image 1,Image 2,Image 1,Image 1,Image 1,Image 1,Image 1,Image 1
12/3/2023 23:37:40,21,Associates or Vocational Degree,Students ,3,"I know artists ahd are friends with artists, but I can't really draw.",3,Negative Opinion,Image 2,Image 1,Image 1,Image 1,Image 1,Image 2,Image 2,Image 2,Image 1,Image 1,Image 2,Image 1,Image 1,Image 1,Image 1,Image 1,Image 2,Image 1,Image 2,Image 1
12/3/2023 23:37:59,22,Associates or Vocational Degree,Student ,2,I painted in high school but now just make random art.,5,Neutral Opinion/Don't Care,Image 2,Image 1,Image 2,Image 1,Image 1,Image 2,Image 1,Image 1,Image 1,Image 2,Image 1,Image 2,Image 1,Image 2,Image 1,Image 1,Image 1,Image 1,Image 1,Image 1
12/3/2023 23:39:51,20,Some College,Student ,3,Museums and art classs ,4,Positive Opinion,Image 1,Image 1,Image 2,Image 1,Image 1,Image 2,Image 2,Image 1,Image 1,Image 2,Image 2,Image 1,Image 2,Image 2,Image 1,Image 1,Image 2,Image 1,Image 1,Image 1
12/3/2023 23:40:19,21,Some College,Student,2,"I took an art class in 8th grade. We drew in pencil, and painted an oil painting.",3,Neutral Opinion/Don't Care,Image 1,Image 1,Image 1,Image 2,Image 1,Image 2,Image 1,Image 1,Image 2,Image 2,Image 2,Image 1,Image 1,Image 2,Image 2,Image 1,Image 1,Image 1,Image 1,Image 1
12/3/2023 23:40:51,19,Some College,student,2,Iâ€™ve taken and few classes and many of my extended family members do art in some capacity as their career.,3,Neutral Opinion/Don't Care,Image 1,Image 1,Image 1,Image 1,Image 1,Image 2,Image 1,Image 1,Image 2,Image 2,Image 2,Image 1,Image 1,Image 2,Image 1,Image 2,Image 2,Image 1,Image 1,Image 1
12/3/2023 23:41:05,18,Some College,student ,5,I am a graphic design major. ,5,Negative Opinion,Image 1,Image 2,Image 2,Image 1,Image 1,Image 2,Image 2,Image 1,Image 2,Image 1,Image 2,Image 1,Image 1,Image 2,Image 1,Image 2,Image 2,Image 1,Image 1,Image 2
12/3/2023 23:42:53,20,Some College,Student,1,None,5,Neutral Opinion/Don't Care,Image 1,Image 1,Image 1,Image 1,Image 1,Image 2,Image 2,Image 1,Image 1,Image 2,Image 1,Image 2,Image 1,Image 2,Image 1,Image 2,Image 2,Image 1,Image 1,Image 1
12/3/2023 23:47:29,21,Associates or Vocational Degree,Associate at Sephora/ Student,3,I have two extremely artistic cousins as well as taking multiple art classes. ,2,Negative Opinion,Image 2,Image 1,Image 1,Image 1,Image 1,Image 2,Image 2,Image 1,Image 1,Image 2,Image 2,Image 1,Image 2,Image 2,Image 1,Image 2,Image 1,Image 1,Image 1,Image 1
12/3/2023 23:50:43,21,Some College,Student,2,"School classes, some doodling when bored",3,Neutral Opinion/Don't Care,Image 2,Image 1,Image 2,Image 1,Image 1,Image 2,Image 1,Image 1,Image 2,Image 2,Image 2,Image 1,Image 1,Image 2,Image 2,Image 2,Image 2,Image 1,Image 1,Image 1
12/3/2023 23:50:48,19,Some College,Pharmacy tech/student,2,"Very minimal, love it but donâ€™t know a whole bunch about it",3,Neutral Opinion/Don't Care,Image 1,Image 2,Image 1,Image 1,Image 1,Image 2,Image 1,Image 1,Image 2,Image 2,Image 2,Image 1,Image 1,Image 2,Image 1,Image 2,Image 2,Image 1,Image 1,Image 2
12/3/2023 23:54:29,19,Some College,Student,2,Taken art classes before ,3,Neutral Opinion/Don't Care,Image 1,Image 1,Image 1,Image 2,Image 2,Image 2,Image 2,Image 1,Image 2,Image 1,Image 1,Image 2,Image 2,Image 2,Image 2,Image 1,Image 1,Image 1,Image 1,Image 2
12/4/2023 0:02:24,19,Some College,TA,1,None,3,Neutral Opinion/Don't Care,Image 1,Image 1,Image 2,Image 1,Image 1,Image 2,Image 2,Image 1,Image 2,Image 1,Image 2,Image 1,Image 1,Image 2,Image 1,Image 2,Image 2,Image 1,Image 2,Image 1
12/4/2023 0:03:25,19,Some College,Student,1,None,3,Neutral Opinion/Don't Care,Image 1,Image 1,Image 1,Image 2,Image 1,Image 2,Image 2,Image 1,Image 2,Image 2,Image 2,Image 1,Image 1,Image 2,Image 1,Image 2,Image 1,Image 1,Image 1,Image 2
12/4/2023 0:06:28,18,Some College,Student,2,I took a painting class in high school. ,3,Neutral Opinion/Don't Care,Image 1,Image 1,Image 2,Image 1,Image 1,Image 1,Image 2,Image 1,Image 2,Image 1,Image 2,Image 1,Image 2,Image 1,Image 1,Image 2,Image 2,Image 1,Image 1,Image 1
12/4/2023 0:09:07,21,Some College,Student,4,"Iâ€™ve taken many art classes, and do some art myself. A few times Iâ€™ve been hired to make paintings. And at my high school if you did one form of art (ie music) they made sure you were educated on other forms of art as wel.",2,Positive Opinion,Image 1,Image 1,Image 1,Image 1,Image 1,Image 2,Image 1,Image 1,Image 1,Image 2,Image 2,Image 1,Image 1,Image 2,Image 1,Image 2,Image 2,Image 1,Image 1,Image 2
12/4/2023 0:09:22,17,Some College,Student,4,"Iâ€™ve used oil pastels, chalk, paint, watercolor, pen, and colored pencil.",2,Neutral Opinion/Don't Care,Image 1,Image 1,Image 2,Image 1,Image 1,Image 2,Image 1,Image 1,Image 2,Image 2,Image 2,Image 1,Image 1,Image 2,Image 1,Image 1,Image 2,Image 1,Image 1,Image 2
12/4/2023 0:11:18,19,Some College,"Student, Waitress",3,Iâ€™m a dance and Spanish double major so part of that is finding significance in renaissance paintings and movements which correlate in some ways. ,3,Neutral Opinion/Don't Care,Image 1,Image 1,Image 2,Image 1,Image 1,Image 2,Image 1,Image 1,Image 2,Image 1,Image 2,Image 1,Image 1,Image 1,Image 2,Image 2,Image 2,Image 1,Image 1,Image 2
12/4/2023 0:13:32,20,Bachelor's Degree,Student,5,"I do hyper realistic graphite portraits, zentangle art, and pencil sketches. Main medium is pencil, occasionally ink, and even rarer colored pencil or paints. ",5,Negative Opinion,Image 1,Image 1,Image 2,Image 1,Image 1,Image 2,Image 1,Image 2,Image 2,Image 1,Image 1,Image 1,Image 1,Image 2,Image 1,Image 1,Image 1,Image 1,Image 1,Image 2
12/4/2023 0:17:01,18,Bachelor's Degree,Student,2,I used to sketch a lot when I was younger,4,Neutral Opinion/Don't Care,Image 2,Image 1,Image 2,Image 1,Image 1,Image 2,Image 2,Image 1,Image 1,Image 2,Image 1,Image 2,Image 1,Image 1,Image 1,Image 1,Image 2,Image 2,Image 2,Image 1
12/4/2023 0:19:27,18,Some College,student,3,I love looking at it but i have no artist abilities ,3,Neutral Opinion/Don't Care,Image 2,Image 1,Image 1,Image 1,Image 1,Image 2,Image 1,Image 1,Image 1,Image 2,Image 2,Image 1,Image 1,Image 1,Image 1,Image 2,Image 1,Image 1,Image 2,Image 2
12/4/2023 0:21:26,19,Some College,Tutoring ,5,"Charcoal, graphite, oil paint, have been my main forms of mediums which are for about 10 years of not entirely consistent past time.",4,Negative Opinion,Image 2,Image 1,Image 1,Image 1,Image 1,Image 1,Image 1,Image 1,Image 2,Image 1,Image 1,Image 2,Image 1,Image 2,Image 2,Image 1,Image 1,Image 1,Image 1,Image 1
12/4/2023 0:29:17,20,Some College,Student,4,"I draw, I paint almost weekly ",3,Neutral Opinion/Don't Care,Image 2,Image 1,Image 1,Image 1,Image 1,Image 2,Image 2,Image 1,Image 1,Image 2,Image 2,Image 2,Image 1,Image 2,Image 1,Image 2,Image 1,Image 1,Image 2,Image 2
12/4/2023 0:31:34,18,Some College,Student,5,"Oil painting, charcoal, graphite, aryclic paint, pottery. ",4,Negative Opinion,Image 2,Image 1,Image 2,Image 1,Image 2,Image 2,Image 2,Image 1,Image 2,Image 1,Image 2,Image 1,Image 2,Image 2,Image 1,Image 2,Image 2,Image 1,Image 2,Image 1
12/4/2023 0:45:42,19,Some College,Student,4,My father was a professional muralist when I was a kid and has a bachelor's in fine arts. He's taught me quite a lot.,3,Negative Opinion,Image 2,Image 1,Image 2,Image 1,Image 1,Image 2,Image 2,Image 1,Image 1,Image 2,Image 2,Image 2,Image 1,Image 2,Image 2,Image 1,Image 1,Image 1,Image 1,Image 1
12/4/2023 0:49:45,Nigga,Some High School,S,5,ðŸ˜‚ðŸ˜‚ðŸ˜‚ðŸ˜‚ðŸ˜‚ðŸ˜‚,5,Positive Opinion,Image 2,Image 1,Image 2,Image 2,Image 2,Image 1,Image 2,Image 2,Image 2,Image 2,Image 2,Image 1,Image 2,Image 2,Image 2,Image 2,Image 2,Image 2,Image 2,Image 2
12/4/2023 0:51:42,20,Some College,Student,2,Museums and brief study of historical art,3,Neutral Opinion/Don't Care,Image 1,Image 1,Image 2,Image 1,Image 1,Image 2,Image 2,Image 1,Image 1,Image 2,Image 2,Image 1,Image 2,Image 1,Image 2,Image 1,Image 2,Image 1,Image 1,Image 1
12/4/2023 1:02:04,18,High School or Equivalent,Student,1,Iâ€™m an actor and dancer since I was 5,5,Neutral Opinion/Don't Care,Image 1,Image 2,Image 2,Image 1,Image 1,Image 2,Image 2,Image 1,Image 2,Image 2,Image 1,Image 1,Image 2,Image 2,Image 1,Image 1,Image 2,Image 2,Image 2,Image 1
12/4/2023 1:03:23,18,Some College,Student ,2,None really,3,Neutral Opinion/Don't Care,Image 1,Image 1,Image 1,Image 1,Image 1,Image 2,Image 1,Image 2,Image 1,Image 2,Image 2,Image 2,Image 1,Image 2,Image 1,Image 2,Image 1,Image 1,Image 1,Image 1
12/4/2023 1:06:47,18,Some College,Student,3,Iâ€™ve drawn a bit and watercolor painted,3,Negative Opinion,Image 1,Image 1,Image 2,Image 1,Image 2,Image 2,Image 2,Image 1,Image 1,Image 2,Image 1,Image 1,Image 1,Image 2,Image 1,Image 2,Image 1,Image 1,Image 2,Image 1
12/4/2023 1:09:21,19,High School or Equivalent,Student ,3,Taken art all through high school,1,Neutral Opinion/Don't Care,Image 2,Image 1,Image 2,Image 1,Image 1,Image 2,Image 2,Image 1,Image 2,Image 2,Image 2,Image 1,Image 1,Image 1,Image 1,Image 2,Image 1,Image 1,Image 1,Image 1
12/4/2023 1:11:34,20,Some College,Student,4,I used to draw a lot,4,Neutral Opinion/Don't Care,Image 1,Image 1,Image 2,Image 1,Image 1,Image 2,Image 1,Image 1,Image 1,Image 2,Image 1,Image 1,Image 1,Image 2,Image 1,Image 2,Image 1,Image 1,Image 2,Image 1
12/4/2023 1:22:14,18,Some College,student,2,just painting in my room,2,Neutral Opinion/Don't Care,Image 1,Image 1,Image 2,Image 1,Image 2,Image 1,Image 2,Image 2,Image 2,Image 2,Image 2,Image 1,Image 2,Image 2,Image 2,Image 1,Image 1,Image 1,Image 1,Image 1
12/4/2023 1:27:44,18,High School or Equivalent,Student ,3,None ,3,Neutral Opinion/Don't Care,Image 2,Image 1,Image 2,Image 1,Image 2,Image 2,Image 1,Image 2,Image 2,Image 1,Image 1,Image 2,Image 2,Image 2,Image 1,Image 2,Image 2,Image 1,Image 1,Image 1
12/4/2023 1:32:58,18,Associates or Vocational Degree,Student,4,"Iâ€™ve taken art classes and have experience working with paints, marker, crayons, colored pencils, chalk and more. ",5,Neutral Opinion/Don't Care,Image 1,Image 1,Image 1,Image 1,Image 1,Image 2,Image 1,Image 1,Image 1,Image 2,Image 2,Image 2,Image 1,Image 2,Image 1,Image 2,Image 1,Image 1,Image 1,Image 1
12/4/2023 1:53:33,20,Some College,CNA/Med Aide,2,"some acrylic painting and drawing, watercolor",3,Negative Opinion,Image 1,Image 1,Image 2,Image 2,Image 1,Image 2,Image 2,Image 1,Image 1,Image 2,Image 2,Image 2,Image 1,Image 2,Image 1,Image 2,Image 2,Image 1,Image 1,Image 1
12/4/2023 2:25:55,19,Some College,Student ,2,None,2,Negative Opinion,Image 2,Image 1,Image 2,Image 1,Image 1,Image 2,Image 1,Image 1,Image 1,Image 2,Image 2,Image 1,Image 1,Image 1,Image 1,Image 2,Image 2,Image 1,Image 1,Image 1
12/4/2023 2:30:28,20,Some College,Student,4,"Familiarity w paint, sketches, photography, digital art",4,Neutral Opinion/Don't Care,Image 1,Image 1,Image 2,Image 1,Image 1,Image 2,Image 2,Image 1,Image 1,Image 2,Image 2,Image 2,Image 2,Image 2,Image 2,Image 1,Image 1,Image 1,Image 2,Image 1
12/4/2023 6:30:55,20,Some College,Actuarial Intern,2,Required art courses up to middle school,2,Negative Opinion,Image 1,Image 1,Image 1,Image 1,Image 1,Image 2,Image 1,Image 1,Image 1,Image 2,Image 1,Image 2,Image 2,Image 2,Image 1,Image 2,Image 1,Image 1,Image 1,Image 2
12/4/2023 6:34:18,20,Some College,Student,4,I know a lot of online artists ,4,Negative Opinion,Image 1,Image 2,Image 1,Image 2,Image 1,Image 1,Image 1,Image 2,Image 2,Image 1,Image 2,Image 1,Image 2,Image 1,Image 2,Image 1,Image 2,Image 1,Image 2,Image 2
12/4/2023 7:11:45,18,High School or Equivalent,Student,2,Used to occasionally draw and sketch in middle and high school,4,Negative Opinion,Image 1,Image 1,Image 2,Image 2,Image 1,Image 2,Image 2,Image 1,Image 1,Image 2,Image 1,Image 2,Image 1,Image 2,Image 2,Image 1,Image 2,Image 1,Image 1,Image 2
12/4/2023 7:22:21,18,Some College,student ,3,"I see a lot of visual art, and Iâ€™ve done a bit of painting in the past. ",5,Negative Opinion,Image 2,Image 1,Image 2,Image 1,Image 1,Image 2,Image 1,Image 2,Image 2,Image 2,Image 2,Image 2,Image 1,Image 2,Image 1,Image 1,Image 2,Image 1,Image 2,Image 1
12/4/2023 7:34:57,20,Some College,Student,2,None,3,Neutral Opinion/Don't Care,Image 1,Image 1,Image 2,Image 1,Image 1,Image 2,Image 2,Image 1,Image 1,Image 2,Image 2,Image 1,Image 1,Image 2,Image 1,Image 1,Image 2,Image 1,Image 1,Image 2
12/4/2023 7:45:00,19,Some College,Student,4,"Art through highschool, Pottery, Acrylic paint, Oil paint, pastels, pencil,, penâ€¦",4,Negative Opinion,Image 2,Image 1,Image 2,Image 1,Image 1,Image 2,Image 1,Image 1,Image 1,Image 2,Image 2,Image 1,Image 2,Image 2,Image 1,Image 2,Image 2,Image 1,Image 1,Image 2
12/4/2023 8:06:08,19,Some College,Student,2,I took an introductory course in high school and learns the elements of art but that's it,4,Positive Opinion,Image 1,Image 2,Image 1,Image 1,Image 1,Image 2,Image 2,Image 1,Image 1,Image 2,Image 1,Image 2,Image 2,Image 1,Image 2,Image 1,Image 2,Image 1,Image 2,Image 1
12/4/2023 8:12:39,22,Some College,Student,2,Digital and pencil sketches.,5,Negative Opinion,Image 2,Image 1,Image 1,Image 1,Image 1,Image 2,Image 2,Image 1,Image 1,Image 2,Image 2,Image 1,Image 1,Image 2,Image 1,Image 2,Image 1,Image 1,Image 2,Image 1
12/4/2023 8:17:24,18,Some College,Student ,3,"I used to draw a lot a few years ago, I also took an art class in highschool.",4,Neutral Opinion/Don't Care,Image 1,Image 1,Image 2,Image 1,Image 1,Image 2,Image 2,Image 1,Image 1,Image 2,Image 2,Image 1,Image 2,Image 2,Image 1,Image 2,Image 1,Image 1,Image 1,Image 1
12/4/2023 8:19:34,21,Some College,Student,3,I like to paint on canvases sometime but I am by no means no fancy artist,4,Positive Opinion,Image 1,Image 2,Image 2,Image 1,Image 1,Image 2,Image 2,Image 1,Image 1,Image 2,Image 2,Image 1,Image 1,Image 2,Image 1,Image 2,Image 1,Image 1,Image 1,Image 1
12/4/2023 8:42:03,20,Some College,Student ,2,I hate making it ,2,Neutral Opinion/Don't Care,Image 2,Image 1,Image 2,Image 1,Image 1,Image 2,Image 1,Image 1,Image 1,Image 2,Image 2,Image 1,Image 1,Image 2,Image 1,Image 1,Image 2,Image 2,Image 2,Image 1
12/4/2023 8:42:44,19,Some College,Student,3,Some familiarity ,4,Neutral Opinion/Don't Care,Image 1,Image 1,Image 1,Image 2,Image 1,Image 2,Image 1,Image 1,Image 1,Image 2,Image 2,Image 2,Image 2,Image 1,Image 2,Image 1,Image 1,Image 1,Image 2,Image 1
12/4/2023 8:43:45,19,Some College,student,2,Iâ€™ve taken a few generic art classes in school and my mom stencils a lot.,2,Neutral Opinion/Don't Care,Image 1,Image 2,Image 1,Image 1,Image 1,Image 2,Image 2,Image 1,Image 2,Image 2,Image 2,Image 1,Image 2,Image 2,Image 1,Image 2,Image 2,Image 1,Image 2,Image 1
12/4/2023 8:50:56,18,Some College,student ,1,just art class in high school ,3,Neutral Opinion/Don't Care,Image 1,Image 1,Image 1,Image 1,Image 1,Image 2,Image 1,Image 1,Image 1,Image 2,Image 2,Image 1,Image 2,Image 2,Image 1,Image 2,Image 1,Image 2,Image 1,Image 1
12/4/2023 9:03:39,18,High School or Equivalent,student,1,none,2,Neutral Opinion/Don't Care,Image 1,Image 1,Image 2,Image 1,Image 2,Image 2,Image 1,Image 2,Image 1,Image 1,Image 2,Image 1,Image 2,Image 1,Image 1,Image 2,Image 2,Image 1,Image 1,Image 2
12/4/2023 9:07:53,21,Some College,I am a student and an Emerging Media Artist at Nebraska Public Media,5,"I am a student at the Johnny Carson Center for Emerging Media Arts and Im studying to be a VFX artist. I have been working in the Adobe CreativeSuite, DaVinci Resolve, and Maya Autodesk for over 10 years now. I am a 3D modeling artist, an editor, photographer, videographer, VFX artist, and digital media artist. I do a lot of digital motion graphics as well, and i use AI for inspiration for a lot of projects especially since the new updates to Adobe this year. After the Adobe Max conference this year, i look forward to more of whats coming from them in terms of AI, especially since its already becoming difficult to tell the difference between AI generagted art and art from humans.",5,Neutral Opinion/Don't Care,Image 1,Image 1,Image 2,Image 1,Image 1,Image 1,Image 1,Image 2,Image 1,Image 2,Image 1,Image 2,Image 1,Image 2,Image 2,Image 2,Image 1,Image 2,Image 1,Image 2
12/4/2023 9:09:17,20,Some College,Student ,5,Mostly worked with traditional ,4,Neutral Opinion/Don't Care,Image 2,Image 2,Image 2,Image 1,Image 1,Image 2,Image 2,Image 2,Image 1,Image 2,Image 2,Image 1,Image 1,Image 2,Image 1,Image 2,Image 2,Image 1,Image 2,Image 1
12/4/2023 9:11:11,19,Some College,student,4,"digital art, acrylics, pencils ",3,Negative Opinion,Image 2,Image 1,Image 1,Image 1,Image 1,Image 2,Image 2,Image 1,Image 1,Image 2,Image 2,Image 1,Image 1,Image 2,Image 1,Image 2,Image 2,Image 1,Image 1,Image 1
12/4/2023 9:11:53,20,Some College,student,1,none,3,Negative Opinion,Image 2,Image 1,Image 2,Image 1,Image 1,Image 2,Image 2,Image 1,Image 1,Image 2,Image 1,Image 2,Image 1,Image 2,Image 2,Image 1,Image 2,Image 1,Image 2,Image 1
12/4/2023 9:24:29,20,Associates or Vocational Degree,Student,4,"Pastels, paints, pen, pencil",3,Positive Opinion,Image 1,Image 1,Image 2,Image 1,Image 1,Image 2,Image 1,Image 1,Image 2,Image 2,Image 2,Image 1,Image 2,Image 2,Image 1,Image 1,Image 2,Image 1,Image 1,Image 1
12/4/2023 9:27:02,22,Some College,Student and dining hall,4,"Ink for printing, acrylic, oil and water colors,  colored pencils",3,Neutral Opinion/Don't Care,Image 2,Image 1,Image 1,Image 2,Image 1,Image 2,Image 1,Image 1,Image 2,Image 1,Image 1,Image 1,Image 1,Image 2,Image 1,Image 1,Image 2,Image 1,Image 1,Image 1
12/4/2023 9:29:00,20,Some College,Student ,3,"I am familiar with art and draw, paint and collage occasionally ",5,Neutral Opinion/Don't Care,Image 2,Image 1,Image 2,Image 2,Image 1,Image 2,Image 2,Image 2,Image 2,Image 2,Image 1,Image 2,Image 2,Image 2,Image 1,Image 1,Image 1,Image 1,Image 2,Image 1
12/4/2023 9:29:17,18,High School or Equivalent,Retail,3,Pencil is my main focus ,2,Neutral Opinion/Don't Care,Image 1,Image 1,Image 2,Image 1,Image 1,Image 2,Image 1,Image 1,Image 2,Image 1,Image 2,Image 1,Image 1,Image 1,Image 2,Image 2,Image 2,Image 1,Image 1,Image 1
12/4/2023 9:32:00,20,Some College,Barista,4,Took art classes in high school,1,Neutral Opinion/Don't Care,Image 1,Image 1,Image 2,Image 1,Image 1,Image 2,Image 2,Image 1,Image 1,Image 2,Image 2,Image 1,Image 2,Image 2,Image 1,Image 1,Image 2,Image 1,Image 1,Image 1
12/4/2023 9:40:30,20,Some College,Student/Student Worker,4,"Ive dabbled in charcoal, oil pastels, graphite, acrylic, ink, pry more that i dont remember.",5,Neutral Opinion/Don't Care,Image 2,Image 1,Image 2,Image 1,Image 1,Image 2,Image 1,Image 1,Image 1,Image 2,Image 1,Image 1,Image 1,Image 2,Image 1,Image 2,Image 1,Image 1,Image 2,Image 2
12/4/2023 9:46:56,19,High School or Equivalent,Student,2,None,3,Negative Opinion,Image 2,Image 1,Image 2,Image 1,Image 1,Image 2,Image 1,Image 1,Image 1,Image 2,Image 2,Image 2,Image 2,Image 2,Image 1,Image 1,Image 2,Image 1,Image 2,Image 1
12/4/2023 9:47:49,18,Some College,Student,3,Painted with acrylics here and there,4,Neutral Opinion/Don't Care,Image 2,Image 1,Image 2,Image 1,Image 2,Image 2,Image 2,Image 1,Image 1,Image 2,Image 2,Image 1,Image 1,Image 2,Image 1,Image 2,Image 2,Image 1,Image 1,Image 1
12/4/2023 9:57:35,20,Some College,Student,3,General hobbyist graphic design experience.,4,Neutral Opinion/Don't Care,Image 1,Image 1,Image 1,Image 1,Image 1,Image 2,Image 2,Image 1,Image 1,Image 2,Image 1,Image 2,Image 1,Image 2,Image 1,Image 2,Image 1,Image 1,Image 1,Image 1
12/4/2023 10:17:56,18,Some College,Student,4,Sketching some painting (hobby),3,Negative Opinion,Image 1,Image 1,Image 2,Image 1,Image 1,Image 2,Image 2,Image 1,Image 2,Image 2,Image 2,Image 2,Image 2,Image 2,Image 1,Image 1,Image 2,Image 1,Image 1,Image 2
12/4/2023 10:24:08,18,Some College,Student,4,Some art experience,3,Neutral Opinion/Don't Care,Image 1,Image 1,Image 2,Image 1,Image 1,Image 2,Image 2,Image 1,Image 2,Image 2,Image 1,Image 2,Image 1,Image 2,Image 2,Image 1,Image 2,Image 1,Image 2,Image 1
12/4/2023 10:33:41,20,Some College,Student Lab Worker,2,None ,3,Negative Opinion,Image 2,Image 1,Image 1,Image 2,Image 1,Image 2,Image 2,Image 1,Image 2,Image 2,Image 1,Image 2,Image 1,Image 2,Image 2,Image 1,Image 2,Image 1,Image 1,Image 2
12/4/2023 10:53:43,18,Some College,Student ,1,None,3,Neutral Opinion/Don't Care,Image 2,Image 1,Image 2,Image 1,Image 2,Image 2,Image 1,Image 1,Image 1,Image 2,Image 2,Image 1,Image 1,Image 2,Image 1,Image 2,Image 1,Image 1,Image 1,Image 1
12/4/2023 10:58:32,18,High School or Equivalent,Student,2,none applicable,3,Negative Opinion,Image 1,Image 1,Image 2,Image 1,Image 1,Image 2,Image 2,Image 1,Image 1,Image 2,Image 1,Image 2,Image 1,Image 2,Image 2,Image 1,Image 2,Image 1,Image 2,Image 1
12/4/2023 10:58:48,18,Some College,Student,3,No visual art experience,3,Neutral Opinion/Don't Care,Image 2,Image 1,Image 1,Image 1,Image 1,Image 2,Image 2,Image 1,Image 2,Image 2,Image 2,Image 1,Image 2,Image 1,Image 1,Image 2,Image 1,Image 1,Image 1,Image 1
12/4/2023 10:59:00,18,Some College,student ,3,acrylic paint ,3,Negative Opinion,Image 2,Image 2,Image 1,Image 1,Image 1,Image 2,Image 2,Image 1,Image 2,Image 2,Image 2,Image 2,Image 1,Image 1,Image 1,Image 2,Image 2,Image 1,Image 2,Image 1
12/4/2023 11:05:56,19,Some College,graphic designer,4,I use it every day for work,5,Positive Opinion,Image 2,Image 1,Image 2,Image 1,Image 1,Image 2,Image 2,Image 1,Image 1,Image 2,Image 2,Image 1,Image 1,Image 2,Image 1,Image 2,Image 2,Image 1,Image 2,Image 1
12/4/2023 11:12:21,23,Bachelor's Degree,Grad student,1,None,1,Neutral Opinion/Don't Care,Image 1,Image 1,Image 1,Image 1,Image 2,Image 2,Image 1,Image 1,Image 2,Image 1,Image 1,Image 1,Image 1,Image 1,Image 1,Image 2,Image 1,Image 1,Image 1,Image 1
12/4/2023 11:15:27,20,Some College,Student,1,None,4,Negative Opinion,Image 2,Image 1,Image 2,Image 1,Image 1,Image 2,Image 2,Image 1,Image 2,Image 1,Image 2,Image 1,Image 1,Image 2,Image 1,Image 2,Image 1,Image 1,Image 1,Image 1
12/4/2023 11:27:41,18,Some College,Student,4,"Love to paint, have made a lot of ai art with the /imagine",4,Positive Opinion,Image 2,Image 1,Image 1,Image 1,Image 1,Image 2,Image 2,Image 1,Image 2,Image 2,Image 2,Image 1,Image 2,Image 1,Image 2,Image 2,Image 2,Image 1,Image 1,Image 2
12/4/2023 11:35:35,18,High School or Equivalent,Student,3,"Iâ€™m in artist in the music sense, in terms of visual art Iâ€™ve never been in that field but I have many friends and acquaintances who I consider higher ups in that field",5,Neutral Opinion/Don't Care,Image 2,Image 1,Image 1,Image 1,Image 1,Image 2,Image 2,Image 1,Image 1,Image 2,Image 1,Image 2,Image 1,Image 2,Image 2,Image 2,Image 2,Image 1,Image 2,Image 2
12/4/2023 11:42:32,19,High School or Equivalent,student ,5,Art in many forms mainly acrilic ,4,Negative Opinion,Image 2,Image 1,Image 2,Image 1,Image 1,Image 2,Image 2,Image 1,Image 1,Image 2,Image 2,Image 2,Image 2,Image 2,Image 1,Image 2,Image 1,Image 1,Image 1,Image 1
12/4/2023 11:51:46,18,Associates or Vocational Degree,Student and Direct Support Professional s,3,I just paint occasionally with the individuals I work with and at home like 3 times a week,4,Neutral Opinion/Don't Care,Image 2,Image 1,Image 2,Image 1,Image 1,Image 2,Image 2,Image 1,Image 1,Image 2,Image 2,Image 1,Image 2,Image 1,Image 1,Image 2,Image 2,Image 1,Image 2,Image 1
12/4/2023 11:55:32,19,Some College,Student,5,"Iâ€™ve worked with graphite, charcoal, acrylic, gouache, watercolor, oil pastel, hard pastel, ink, and clay.",4,Negative Opinion,Image 2,Image 1,Image 2,Image 1,Image 1,Image 2,Image 2,Image 1,Image 1,Image 2,Image 2,Image 2,Image 1,Image 2,Image 2,Image 2,Image 2,Image 1,Image 2,Image 1
12/4/2023 12:02:02,21,Some College,Student,3,Being apart of the Design Field,3,Neutral Opinion/Don't Care,Image 1,Image 1,Image 1,Image 1,Image 1,Image 1,Image 1,Image 1,Image 1,Image 2,Image 2,Image 1,Image 1,Image 2,Image 1,Image 2,Image 1,Image 1,Image 1,Image 1